ID,URL,Name,Min Level,Hierarchy Paths,Other Names
25049,https://www.tbs-sct.canada.ca/pol/doc-eng.aspx?id=25049,Values and Ethics Code for the Public Sector,0,,
13616,https://www.tbs-sct.canada.ca/pol/doc-eng.aspx?id=13616,Foundation Framework for Treasury Board Policies,1,Values and Ethics Code for the Public Sector,
32620,https://www.tbs-sct.canada.ca/pol/doc-eng.aspx?id=32620,"Making Information Technology Usable by All, Guideline on",1,"Values and Ethics Code for the Public Sector || Values and Ethics Code for the Public Sector > Foundation Framework for Treasury Board Policies > Planning and Management of Investments, Policy on the || Values and Ethics Code for the Public Sector > Foundation Framework for Treasury Board Policies > Service and Digital, Policy on > Service and Digital, Directive on > Web Accessibility, Standard on",
32666,https://www.tbs-sct.canada.ca/pol/doc-eng.aspx?id=32666,Respectful Workplace Policy—Office of the Prime Minister and Ministers’ Offices,1,Values and Ethics Code for the Public Sector,
12453,https://www.tbs-sct.canada.ca/pol/doc-eng.aspx?id=12453,"Access to Information, Policy on",2,Values and Ethics Code for the Public Sector > Foundation Framework for Treasury Board Policies,
30683,https://www.tbs-sct.canada.ca/pol/doc-eng.aspx?id=30683,"Communications and Federal Identity, Policy on",2,Values and Ethics Code for the Public Sector > Foundation Framework for Treasury Board Policies,
12084,https://www.tbs-sct.canada.ca/pol/doc-eng.aspx?id=12084,"Compensation, Policy Framework for the Management of",2,Values and Ethics Code for the Public Sector > Foundation Framework for Treasury Board Policies,
17151,https://www.tbs-sct.canada.ca/pol/doc-eng.aspx?id=17151,"Compliance, Framework for the Management of",2,Values and Ethics Code for the Public Sector > Foundation Framework for Treasury Board Policies,
32495,https://www.tbs-sct.canada.ca/pol/doc-eng.aspx?id=32495,"Financial Management, Policy on",2,Values and Ethics Code for the Public Sector > Foundation Framework for Treasury Board Policies,
28203,https://www.tbs-sct.canada.ca/pol/doc-eng.aspx?id=28203,Governance and Expenditure Management Policy Area,2,Values and Ethics Code for the Public Sector > Foundation Framework for Treasury Board Policies,
16578,https://www.tbs-sct.canada.ca/pol/doc-eng.aspx?id=16578,"Government Security, Policy on",2,Values and Ethics Code for the Public Sector > Foundation Framework for Treasury Board Policies,
32573,https://www.tbs-sct.canada.ca/pol/doc-eng.aspx?id=32573,"Green Procurement, Policy on",2,Values and Ethics Code for the Public Sector > Foundation Framework for Treasury Board Policies,
16484,https://www.tbs-sct.canada.ca/pol/doc-eng.aspx?id=16484,"Internal Audit, Policy on",2,Values and Ethics Code for the Public Sector > Foundation Framework for Treasury Board Policies,
25583,https://www.tbs-sct.canada.ca/pol/doc-eng.aspx?id=25583,"Management of Executives, Policy on the",2,"Values and Ethics Code for the Public Sector > Foundation Framework for Treasury Board Policies || Values and Ethics Code for the Public Sector > Foundation Framework for Treasury Board Policies > People Management, Policy on",
13607,https://www.tbs-sct.canada.ca/pol/doc-eng.aspx?id=13607,"Ministers' Offices, Policies for",2,Values and Ethics Code for the Public Sector > Foundation Framework for Treasury Board Policies,
26160,https://www.tbs-sct.canada.ca/pol/doc-eng.aspx?id=26160,"Official Languages, Policy on",2,Values and Ethics Code for the Public Sector > Foundation Framework for Treasury Board Policies,
32621,https://www.tbs-sct.canada.ca/pol/doc-eng.aspx?id=32621,"People Management, Policy on",2,Values and Ethics Code for the Public Sector > Foundation Framework for Treasury Board Policies,
32593,https://www.tbs-sct.canada.ca/pol/doc-eng.aspx?id=32593,"Planning and Management of Investments, Policy on the",2,Values and Ethics Code for the Public Sector > Foundation Framework for Treasury Board Policies,
12510,https://www.tbs-sct.canada.ca/pol/doc-eng.aspx?id=12510,"Privacy Protection, Policy on",2,Values and Ethics Code for the Public Sector > Foundation Framework for Treasury Board Policies,
31300,https://www.tbs-sct.canada.ca/pol/doc-eng.aspx?id=31300,"Results, Policy on",2,Values and Ethics Code for the Public Sector > Foundation Framework for Treasury Board Policies,
19422,https://www.tbs-sct.canada.ca/pol/doc-eng.aspx?id=19422,"Risk, Framework for the Management of",2,Values and Ethics Code for the Public Sector > Foundation Framework for Treasury Board Policies,
32603,https://www.tbs-sct.canada.ca/pol/doc-eng.aspx?id=32603,"Service and Digital, Policy on",2,Values and Ethics Code for the Public Sector > Foundation Framework for Treasury Board Policies,
13525,https://www.tbs-sct.canada.ca/pol/doc-eng.aspx?id=13525,"Transfer Payments, Policy on",2,Values and Ethics Code for the Public Sector > Foundation Framework for Treasury Board Policies,
18310,https://www.tbs-sct.canada.ca/pol/doc-eng.aspx?id=18310,"Access to Information Requests, Directive on",3,"Values and Ethics Code for the Public Sector > Foundation Framework for Treasury Board Policies > Access to Information, Policy on",
32499,https://www.tbs-sct.canada.ca/pol/doc-eng.aspx?id=32499,"Accounting Standards, Directive on",3,"Values and Ethics Code for the Public Sector > Foundation Framework for Treasury Board Policies > Financial Management, Policy on",
32774,https://www.tbs-sct.canada.ca/pol/doc-eng.aspx?id=32774,Algorithmic Impact Assessment tool,3,"Values and Ethics Code for the Public Sector > Foundation Framework for Treasury Board Policies > Service and Digital, Policy on || Values and Ethics Code for the Public Sector > Foundation Framework for Treasury Board Policies > Service and Digital, Policy on > Automated Decision-Making, Directive on",
32818,https://www.tbs-sct.canada.ca/pol/doc-eng.aspx?id=32818,"Assessing Cost Estimates, Guide to",3,"Values and Ethics Code for the Public Sector > Foundation Framework for Treasury Board Policies > Planning and Management of Investments, Policy on the || Values and Ethics Code for the Public Sector > Foundation Framework for Treasury Board Policies > Planning and Management of Investments, Policy on the > Management of Projects and Programmes, Directive on the",
32592,https://www.tbs-sct.canada.ca/pol/doc-eng.aspx?id=32592,"Automated Decision-Making, Directive on",3,"Values and Ethics Code for the Public Sector > Foundation Framework for Treasury Board Policies > Service and Digital, Policy on",
12522,https://www.tbs-sct.canada.ca/pol/doc-eng.aspx?id=12522,Bilingualism Bonus Directive,3,"Values and Ethics Code for the Public Sector > Foundation Framework for Treasury Board Policies > Compensation, Policy Framework for the Management of",
32630,https://www.tbs-sct.canada.ca/pol/doc-eng.aspx?id=32630,"Building Emergency and Evacuation Teams, Directive on",3,"Values and Ethics Code for the Public Sector > Foundation Framework for Treasury Board Policies > People Management, Policy on",
32502,https://www.tbs-sct.canada.ca/pol/doc-eng.aspx?id=32502,"Charging and Special Financial Authorities, Directive on",3,"Values and Ethics Code for the Public Sector > Foundation Framework for Treasury Board Policies > Financial Management, Policy on",
25593,https://www.tbs-sct.canada.ca/pol/doc-eng.aspx?id=25593,"Chart of Accounts Line Object Codes, Guideline on Departmental",3,"Values and Ethics Code for the Public Sector > Foundation Framework for Treasury Board Policies > Financial Management, Policy on",
27256,https://www.tbs-sct.canada.ca/pol/doc-eng.aspx?id=27256,"Chief Financial Officer Attestation for Cabinet Submissions, Guideline on",3,"Values and Ethics Code for the Public Sector > Foundation Framework for Treasury Board Policies > Financial Management, Policy on",
28698,https://www.tbs-sct.canada.ca/pol/doc-eng.aspx?id=28698,"Classification Grievances, Directive on",3,"Values and Ethics Code for the Public Sector > Foundation Framework for Treasury Board Policies > People Management, Policy on",
28699,https://www.tbs-sct.canada.ca/pol/doc-eng.aspx?id=28699,"Classification Oversight, Directive on",3,"Values and Ethics Code for the Public Sector > Foundation Framework for Treasury Board Policies > People Management, Policy on",
28305,https://www.tbs-sct.canada.ca/pol/doc-eng.aspx?id=28305,"Classification of Procurement Items, Data Standard on",3,"Values and Ethics Code for the Public Sector > Foundation Framework for Treasury Board Policies > Financial Management, Policy on",
28700,https://www.tbs-sct.canada.ca/pol/doc-eng.aspx?id=28700,"Classification, Directive on",3,"Values and Ethics Code for the Public Sector > Foundation Framework for Treasury Board Policies > People Management, Policy on",
30682,https://www.tbs-sct.canada.ca/pol/doc-eng.aspx?id=30682,"Communications and Federal Identity, Directive on the Management of",3,"Values and Ethics Code for the Public Sector > Foundation Framework for Treasury Board Policies > Communications and Federal Identity, Policy on",
32627,https://www.tbs-sct.canada.ca/pol/doc-eng.aspx?id=32627,"Conflict of Interest, Directive on",3,"Values and Ethics Code for the Public Sector > Foundation Framework for Treasury Board Policies > People Management, Policy on",
32600,https://www.tbs-sct.canada.ca/pol/doc-eng.aspx?id=32600,"Costing, Guide to",3,"Values and Ethics Code for the Public Sector > Foundation Framework for Treasury Board Policies > Planning and Management of Investments, Policy on the || Values and Ethics Code for the Public Sector > Foundation Framework for Treasury Board Policies > Planning and Management of Investments, Policy on the > Management of Projects and Programmes, Directive on the",
25857,https://www.tbs-sct.canada.ca/pol/doc-eng.aspx?id=25857,"Customer Record, Standard on",3,"Values and Ethics Code for the Public Sector > Foundation Framework for Treasury Board Policies > Financial Management, Policy on",
32808,https://www.tbs-sct.canada.ca/pol/doc-eng.aspx?id=32808,"Data Linking for Program Monitoring, Evaluation and Reporting",3,"Values and Ethics Code for the Public Sector > Foundation Framework for Treasury Board Policies > Results, Policy on",
32503,https://www.tbs-sct.canada.ca/pol/doc-eng.aspx?id=32503,"Delegation of Spending and Financial Authorities, Directive on",3,"Values and Ethics Code for the Public Sector > Foundation Framework for Treasury Board Policies > Financial Management, Policy on",
32616,https://www.tbs-sct.canada.ca/pol/doc-eng.aspx?id=32616,"Departmental Collaboration with Recipients of Grants and Contributions, Guide to",3,"Values and Ethics Code for the Public Sector > Foundation Framework for Treasury Board Policies > Transfer Payments, Policy on || Values and Ethics Code for the Public Sector > Foundation Framework for Treasury Board Policies > Transfer Payments, Policy on > Transfer Payments, Directive on",
32701,https://www.tbs-sct.canada.ca/pol/doc-eng.aspx?id=32701,Design Standard for the Federal Identity Program,3,"Values and Ethics Code for the Public Sector > Foundation Framework for Treasury Board Policies > Communications and Federal Identity, Policy on",
32749,https://www.tbs-sct.canada.ca/pol/doc-eng.aspx?id=32749,"Digital Talent, Directive on",3,"Values and Ethics Code for the Public Sector > Foundation Framework for Treasury Board Policies > Service and Digital, Policy on",
22370,https://www.tbs-sct.canada.ca/pol/doc-eng.aspx?id=22370,"Discipline, Guidelines for",3,"Values and Ethics Code for the Public Sector > Foundation Framework for Treasury Board Policies > People Management, Policy on",
32743,https://www.tbs-sct.canada.ca/pol/doc-eng.aspx?id=32743,"Disclosure of Greenhouse Gas Emissions and the Setting of Reduction Targets, Standard on the",3,"Values and Ethics Code for the Public Sector > Foundation Framework for Treasury Board Policies > Green Procurement, Policy on",
32634,https://www.tbs-sct.canada.ca/pol/doc-eng.aspx?id=32634,"Duty to Accommodate, Directive on the",3,"Values and Ethics Code for the Public Sector > Foundation Framework for Treasury Board Policies > People Management, Policy on",
12111,https://www.tbs-sct.canada.ca/pol/doc-eng.aspx?id=12111,"Educational Assistance for Children of Employees, Policy on",3,"Values and Ethics Code for the Public Sector > Foundation Framework for Treasury Board Policies > Compensation, Policy Framework for the Management of",
32814,https://www.tbs-sct.canada.ca/pol/doc-eng.aspx?id=32814,"Embodied Carbon in Construction, Standard on",3,"Values and Ethics Code for the Public Sector > Foundation Framework for Treasury Board Policies > Green Procurement, Policy on",
32639,https://www.tbs-sct.canada.ca/pol/doc-eng.aspx?id=32639,"Employee Assistance Programs, Directive on",3,"Values and Ethics Code for the Public Sector > Foundation Framework for Treasury Board Policies > People Management, Policy on",
32635,https://www.tbs-sct.canada.ca/pol/doc-eng.aspx?id=32635,"Employment Equity, Diversity and Inclusion, Directive on",3,"Values and Ethics Code for the Public Sector > Foundation Framework for Treasury Board Policies > People Management, Policy on",
12315,https://www.tbs-sct.canada.ca/pol/doc-eng.aspx?id=12315,Federal Identity Program Manual,3,"Values and Ethics Code for the Public Sector > Foundation Framework for Treasury Board Policies > Communications and Federal Identity, Policy on",
17590,https://www.tbs-sct.canada.ca/pol/doc-eng.aspx?id=17590,"Financial Management Systems, Directive on the Stewardship of",3,"Values and Ethics Code for the Public Sector > Foundation Framework for Treasury Board Policies > Financial Management, Policy on",
13589,https://www.tbs-sct.canada.ca/pol/doc-eng.aspx?id=13589,Flying Accidents Compensation,3,"Values and Ethics Code for the Public Sector > Foundation Framework for Treasury Board Policies > Compensation, Policy Framework for the Management of",
32610,https://www.tbs-sct.canada.ca/pol/doc-eng.aspx?id=32610,"Government Contracts, Including Real Property Leases, in the Nunavut Settlement Area, Directive",3,"Values and Ethics Code for the Public Sector > Foundation Framework for Treasury Board Policies > Planning and Management of Investments, Policy on the",
16577,https://www.tbs-sct.canada.ca/pol/doc-eng.aspx?id=16577,"Identity Management, Directive on",3,"Values and Ethics Code for the Public Sector > Foundation Framework for Treasury Board Policies > Government Security, Policy on || Values and Ethics Code for the Public Sector > Foundation Framework for Treasury Board Policies > Government Security, Policy on > Security Screening, Directive on",
12139,https://www.tbs-sct.canada.ca/pol/doc-eng.aspx?id=12139,Injury on Duty Leave,3,"Values and Ethics Code for the Public Sector > Foundation Framework for Treasury Board Policies > Compensation, Policy Framework for the Management of",
12553,https://www.tbs-sct.canada.ca/pol/doc-eng.aspx?id=12553,"Interchange Canada, Directive on",3,"Values and Ethics Code for the Public Sector > Foundation Framework for Treasury Board Policies > People Management, Policy on",
32533,https://www.tbs-sct.canada.ca/pol/doc-eng.aspx?id=32533,"Internal Audit, Directive on",3,"Values and Ethics Code for the Public Sector > Foundation Framework for Treasury Board Policies > Internal Audit, Policy on",
32649,https://www.tbs-sct.canada.ca/pol/doc-eng.aspx?id=32649,"Internal Control Over Financial Management, Guide to",3,"Values and Ethics Code for the Public Sector > Foundation Framework for Treasury Board Policies > Financial Management, Policy on",
13937,https://www.tbs-sct.canada.ca/pol/doc-eng.aspx?id=13937,"Legal Assistance and Indemnification, Policy on",3,"Values and Ethics Code for the Public Sector > Foundation Framework for Treasury Board Policies > People Management, Policy on",
13848,https://www.tbs-sct.canada.ca/pol/doc-eng.aspx?id=13848,Long-Term Disability Insurance,3,"Values and Ethics Code for the Public Sector > Foundation Framework for Treasury Board Policies > Compensation, Policy Framework for the Management of",
32728,https://www.tbs-sct.canada.ca/pol/doc-eng.aspx?id=32728,"Making Communications Products and Activities Accessible, Guidelines on",3,"Values and Ethics Code for the Public Sector > Foundation Framework for Treasury Board Policies > Communications and Federal Identity, Policy on || Values and Ethics Code for the Public Sector > Foundation Framework for Treasury Board Policies > Communications and Federal Identity, Policy on > Communications and Federal Identity, Directive on the Management of",
32785,https://www.tbs-sct.canada.ca/pol/doc-eng.aspx?id=32785,"Making Communications Products and Activities Diverse and Inclusive, Guidelines on",3,"Values and Ethics Code for the Public Sector > Foundation Framework for Treasury Board Policies > Communications and Federal Identity, Policy on || Values and Ethics Code for the Public Sector > Foundation Framework for Treasury Board Policies > Communications and Federal Identity, Policy on > Communications and Federal Identity, Directive on the Management of",
32690,https://www.tbs-sct.canada.ca/pol/doc-eng.aspx?id=32690,"Management of Materiel, Directive on the",3,"Values and Ethics Code for the Public Sector > Foundation Framework for Treasury Board Policies > Planning and Management of Investments, Policy on the",
32692,https://www.tbs-sct.canada.ca/pol/doc-eng.aspx?id=32692,"Management of Procurement, Directive on the",3,"Values and Ethics Code for the Public Sector > Foundation Framework for Treasury Board Policies > Planning and Management of Investments, Policy on the",
32594,https://www.tbs-sct.canada.ca/pol/doc-eng.aspx?id=32594,"Management of Projects and Programmes, Directive on the",3,"Values and Ethics Code for the Public Sector > Foundation Framework for Treasury Board Policies > Planning and Management of Investments, Policy on the",
32691,https://www.tbs-sct.canada.ca/pol/doc-eng.aspx?id=32691,"Management of Real Property, Directive on the",3,"Values and Ethics Code for the Public Sector > Foundation Framework for Treasury Board Policies > Planning and Management of Investments, Policy on the",
12364,https://www.tbs-sct.canada.ca/pol/doc-eng.aspx?id=12364,Manager's Guide to Operating Budgets,3,Values and Ethics Code for the Public Sector > Foundation Framework for Treasury Board Policies > Governance and Expenditure Management Policy Area,
32628,https://www.tbs-sct.canada.ca/pol/doc-eng.aspx?id=32628,"Mandatory Training, Directive on",3,"Values and Ethics Code for the Public Sector > Foundation Framework for Treasury Board Policies > People Management, Policy on",
13608,https://www.tbs-sct.canada.ca/pol/doc-eng.aspx?id=13608,Motor Vehicle Operations Directive,3,"Values and Ethics Code for the Public Sector > Foundation Framework for Treasury Board Policies > People Management, Policy on",
32632,https://www.tbs-sct.canada.ca/pol/doc-eng.aspx?id=32632,"Occupational Health Evaluations, Directive on",3,"Values and Ethics Code for the Public Sector > Foundation Framework for Treasury Board Policies > People Management, Policy on",
26163,https://www.tbs-sct.canada.ca/pol/doc-eng.aspx?id=26163,"Official Languages (Communications with and Services to the Public) Regulations, Directive on the Implementation of the",3,"Values and Ethics Code for the Public Sector > Foundation Framework for Treasury Board Policies > Official Languages, Policy on",
12358,https://www.tbs-sct.canada.ca/pol/doc-eng.aspx?id=12358,Official Languages Program in Organizations Subject to the Act: Appendix (Audit Guide) - March 1996,3,"Values and Ethics Code for the Public Sector > Foundation Framework for Treasury Board Policies > Official Languages, Policy on",
26164,https://www.tbs-sct.canada.ca/pol/doc-eng.aspx?id=26164,"Official Languages for Communications and Services, Directive on",3,"Values and Ethics Code for the Public Sector > Foundation Framework for Treasury Board Policies > Official Languages, Policy on",
26168,https://www.tbs-sct.canada.ca/pol/doc-eng.aspx?id=26168,"Official Languages for People Management, Directive on",3,"Values and Ethics Code for the Public Sector > Foundation Framework for Treasury Board Policies > Official Languages, Policy on",
28108,https://www.tbs-sct.canada.ca/pol/doc-eng.aspx?id=28108,"Open Government, Directive on",3,"Values and Ethics Code for the Public Sector > Foundation Framework for Treasury Board Policies > Service and Digital, Policy on",
32504,https://www.tbs-sct.canada.ca/pol/doc-eng.aspx?id=32504,"Payments, Directive on",3,"Values and Ethics Code for the Public Sector > Foundation Framework for Treasury Board Policies > Financial Management, Policy on",
27146,https://www.tbs-sct.canada.ca/pol/doc-eng.aspx?id=27146,"Performance Management, Directive on",3,"Values and Ethics Code for the Public Sector > Foundation Framework for Treasury Board Policies > People Management, Policy on",
19420,https://www.tbs-sct.canada.ca/pol/doc-eng.aspx?id=19420,"Performance Measurement Strategy under the Policy on Transfer Payments, Guideline on",3,"Values and Ethics Code for the Public Sector > Foundation Framework for Treasury Board Policies > Transfer Payments, Policy on || Values and Ethics Code for the Public Sector > Foundation Framework for Treasury Board Policies > Transfer Payments, Policy on > Transfer Payments, Directive on",
32623,https://www.tbs-sct.canada.ca/pol/doc-eng.aspx?id=32623,"Performance Pay Administration for Certain Senior Excluded and Unrepresented Groups and Levels, Directive on",3,"Values and Ethics Code for the Public Sector > Foundation Framework for Treasury Board Policies > Compensation, Policy Framework for the Management of || Values and Ethics Code for the Public Sector > Foundation Framework for Treasury Board Policies > People Management, Policy on",
32637,https://www.tbs-sct.canada.ca/pol/doc-eng.aspx?id=32637,"Performance and Talent Management for Executives, Directive on",3,"Values and Ethics Code for the Public Sector > Foundation Framework for Treasury Board Policies > Management of Executives, Policy on the || Values and Ethics Code for the Public Sector > Foundation Framework for Treasury Board Policies > People Management, Policy on > Management of Executives, Policy on the",
12129,https://www.tbs-sct.canada.ca/pol/doc-eng.aspx?id=12129,Performance pay for represented employees in the Administrative and Foreign Service Category,3,"Values and Ethics Code for the Public Sector > Foundation Framework for Treasury Board Policies > Compensation, Policy Framework for the Management of",
32590,https://www.tbs-sct.canada.ca/pol/doc-eng.aspx?id=32590,"Personal Information Requests and Correction of Personal Information, Directive on",3,"Values and Ethics Code for the Public Sector > Foundation Framework for Treasury Board Policies > Privacy Protection, Policy on",
32671,https://www.tbs-sct.canada.ca/pol/doc-eng.aspx?id=32671,"Prevention and Resolution of Workplace Harassment and Violence, Directive on the",3,"Values and Ethics Code for the Public Sector > Foundation Framework for Treasury Board Policies > People Management, Policy on",
18309,https://www.tbs-sct.canada.ca/pol/doc-eng.aspx?id=18309,"Privacy Practices, Directive on",3,"Values and Ethics Code for the Public Sector > Foundation Framework for Treasury Board Policies > Privacy Protection, Policy on",
32763,https://www.tbs-sct.canada.ca/pol/doc-eng.aspx?id=32763,"Proactive Publication of Contracts, Guide to the",3,"Values and Ethics Code for the Public Sector > Foundation Framework for Treasury Board Policies > Planning and Management of Investments, Policy on the || Values and Ethics Code for the Public Sector > Foundation Framework for Treasury Board Policies > Planning and Management of Investments, Policy on the > Management of Procurement, Directive on the",
32756,https://www.tbs-sct.canada.ca/pol/doc-eng.aspx?id=32756,"Proactive Publication under the Access to Information Act, Directive on",3,"Values and Ethics Code for the Public Sector > Foundation Framework for Treasury Board Policies > Access to Information, Policy on",
32505,https://www.tbs-sct.canada.ca/pol/doc-eng.aspx?id=32505,"Public Money and Receivables, Directive on",3,"Values and Ethics Code for the Public Sector > Foundation Framework for Treasury Board Policies > Financial Management, Policy on",
13583,https://www.tbs-sct.canada.ca/pol/doc-eng.aspx?id=13583,Public Service Income Benefit Plan for Survivors of Employees Slain on Duty,3,"Values and Ethics Code for the Public Sector > Foundation Framework for Treasury Board Policies > Compensation, Policy Framework for the Management of",
32556,https://www.tbs-sct.canada.ca/pol/doc-eng.aspx?id=32556,"Rapid Impact Evaluation, Guide to",3,"Values and Ethics Code for the Public Sector > Foundation Framework for Treasury Board Policies > Results, Policy on",
19061,https://www.tbs-sct.canada.ca/pol/doc-eng.aspx?id=19061,"Recipient Audits Under the Policy on Transfer Payments and the Directive on Transfer Payments, Guideline on",3,"Values and Ethics Code for the Public Sector > Foundation Framework for Treasury Board Policies > Transfer Payments, Policy on || Values and Ethics Code for the Public Sector > Foundation Framework for Treasury Board Policies > Transfer Payments, Policy on > Transfer Payments, Directive on",
32563,https://www.tbs-sct.canada.ca/pol/doc-eng.aspx?id=32563,"Reporting of Grants and Contributions Awards, Guidelines on the",3,"Values and Ethics Code for the Public Sector > Foundation Framework for Treasury Board Policies > Transfer Payments, Policy on || Values and Ethics Code for the Public Sector > Foundation Framework for Treasury Board Policies > Transfer Payments, Policy on > Transfer Payments, Directive on",
31306,https://www.tbs-sct.canada.ca/pol/doc-eng.aspx?id=31306,"Results, Directive on",3,"Values and Ethics Code for the Public Sector > Foundation Framework for Treasury Board Policies > Results, Policy on",
12169,https://www.tbs-sct.canada.ca/pol/doc-eng.aspx?id=12169,Review of Memorandum to Cabinet - Expenditure Management System (EMS) - SFO sign-off - Information Notice,3,Values and Ethics Code for the Public Sector > Foundation Framework for Treasury Board Policies > Governance and Expenditure Management Policy Area,
12133,https://www.tbs-sct.canada.ca/pol/doc-eng.aspx?id=12133,Salary Administration  – University Teachers (UT) (Employer/Union Agreement) (#658),3,"Values and Ethics Code for the Public Sector > Foundation Framework for Treasury Board Policies > Compensation, Policy Framework for the Management of",
32611,https://www.tbs-sct.canada.ca/pol/doc-eng.aspx?id=32611,"Security Management, Directive on",3,"Values and Ethics Code for the Public Sector > Foundation Framework for Treasury Board Policies > Government Security, Policy on || Values and Ethics Code for the Public Sector > Foundation Framework for Treasury Board Policies > Government Security, Policy on > Security Screening, Directive on",
32805,https://www.tbs-sct.canada.ca/pol/doc-eng.aspx?id=32805,"Security Screening, Directive on",3,"Values and Ethics Code for the Public Sector > Foundation Framework for Treasury Board Policies > Government Security, Policy on",
12588,https://www.tbs-sct.canada.ca/pol/doc-eng.aspx?id=12588,Self-Funded Leave Policy,3,"Values and Ethics Code for the Public Sector > Foundation Framework for Treasury Board Policies > Compensation, Policy Framework for the Management of",
20930,https://www.tbs-sct.canada.ca/pol/doc-eng.aspx?id=20930,"Self-Insurance, Guideline on",3,"Values and Ethics Code for the Public Sector > Foundation Framework for Treasury Board Policies > Risk, Framework for the Management of",
32601,https://www.tbs-sct.canada.ca/pol/doc-eng.aspx?id=32601,"Service and Digital, Directive on",3,"Values and Ethics Code for the Public Sector > Foundation Framework for Treasury Board Policies > Service and Digital, Policy on",
32668,https://www.tbs-sct.canada.ca/pol/doc-eng.aspx?id=32668,"Service and Digital, Guideline on",3,"Values and Ethics Code for the Public Sector > Foundation Framework for Treasury Board Policies > Service and Digital, Policy on || Values and Ethics Code for the Public Sector > Foundation Framework for Treasury Board Policies > Service and Digital, Policy on > Service and Digital, Directive on",
13953,https://www.tbs-sct.canada.ca/pol/doc-eng.aspx?id=13953,"Service outside Canada, Policy on",3,"Values and Ethics Code for the Public Sector > Foundation Framework for Treasury Board Policies > Compensation, Policy Framework for the Management of",
13342,https://www.tbs-sct.canada.ca/pol/doc-eng.aspx?id=13342,"Social Insurance Number, Directive on",3,"Values and Ethics Code for the Public Sector > Foundation Framework for Treasury Board Policies > Privacy Protection, Policy on",
13954,https://www.tbs-sct.canada.ca/pol/doc-eng.aspx?id=13954,"Staff engaged locally outside Canada, Policy on",3,"Values and Ethics Code for the Public Sector > Foundation Framework for Treasury Board Policies > Compensation, Policy Framework for the Management of",
14265,https://www.tbs-sct.canada.ca/pol/doc-eng.aspx?id=14265,"Streamlining - Statutory Reports to Parliament, Guidelines on",3,Values and Ethics Code for the Public Sector > Foundation Framework for Treasury Board Policies > Governance and Expenditure Management Policy Area,
12607,https://www.tbs-sct.canada.ca/pol/doc-eng.aspx?id=12607,"Strikes, Policy on",3,"Values and Ethics Code for the Public Sector > Foundation Framework for Treasury Board Policies > People Management, Policy on",
32638,https://www.tbs-sct.canada.ca/pol/doc-eng.aspx?id=32638,"Student Employment, Directive on",3,"Values and Ethics Code for the Public Sector > Foundation Framework for Treasury Board Policies > People Management, Policy on",
32636,https://www.tbs-sct.canada.ca/pol/doc-eng.aspx?id=32636,"Telework, Directive on",3,"Values and Ethics Code for the Public Sector > Foundation Framework for Treasury Board Policies > People Management, Policy on",
32629,https://www.tbs-sct.canada.ca/pol/doc-eng.aspx?id=32629,"Term Employment, Directive on",3,"Values and Ethics Code for the Public Sector > Foundation Framework for Treasury Board Policies > People Management, Policy on",
13890,https://www.tbs-sct.canada.ca/pol/doc-eng.aspx?id=13890,Termination of Employment of Public Service Employees Due to Alternative Delivery Situations (Policy),3,"Values and Ethics Code for the Public Sector > Foundation Framework for Treasury Board Policies > People Management, Policy on",
15773,https://www.tbs-sct.canada.ca/pol/doc-eng.aspx?id=15773,"Terms and Conditions of Employment for Certain Excluded and Unrepresented Groups and Levels, Directive on",3,"Values and Ethics Code for the Public Sector > Foundation Framework for Treasury Board Policies > People Management, Policy on",
15771,https://www.tbs-sct.canada.ca/pol/doc-eng.aspx?id=15771,"Terms and Conditions of Employment, Policy on",3,"Values and Ethics Code for the Public Sector > Foundation Framework for Treasury Board Policies > Compensation, Policy Framework for the Management of",
14208,https://www.tbs-sct.canada.ca/pol/doc-eng.aspx?id=14208,"Transfer Payments, Directive on",3,"Values and Ethics Code for the Public Sector > Foundation Framework for Treasury Board Policies > Transfer Payments, Policy on",
19421,https://www.tbs-sct.canada.ca/pol/doc-eng.aspx?id=19421,"Transfer Payments, Guideline on the Directive on",3,"Values and Ethics Code for the Public Sector > Foundation Framework for Treasury Board Policies > Transfer Payments, Policy on || Values and Ethics Code for the Public Sector > Foundation Framework for Treasury Board Policies > Transfer Payments, Policy on > Transfer Payments, Directive on",
13856,https://www.tbs-sct.canada.ca/pol/doc-eng.aspx?id=13856,Travel Directive,3,"Values and Ethics Code for the Public Sector > Foundation Framework for Treasury Board Policies > Compensation, Policy Framework for the Management of",
27228,https://www.tbs-sct.canada.ca/pol/doc-eng.aspx?id=27228,"Travel, Hospitality, Conference and Event Expenditures, Directive on",3,"Values and Ethics Code for the Public Sector > Foundation Framework for Treasury Board Policies > Financial Management, Policy on",
12141,https://www.tbs-sct.canada.ca/pol/doc-eng.aspx?id=12141,"Two-Tier Bargaining, Guidelines for",3,"Values and Ethics Code for the Public Sector > Foundation Framework for Treasury Board Policies > Compensation, Policy Framework for the Management of",
13605,https://www.tbs-sct.canada.ca/pol/doc-eng.aspx?id=13605,Uniforms Directive,3,"Values and Ethics Code for the Public Sector > Foundation Framework for Treasury Board Policies > People Management, Policy on",
25845,https://www.tbs-sct.canada.ca/pol/doc-eng.aspx?id=25845,"Vendor Record, Standard on",3,"Values and Ethics Code for the Public Sector > Foundation Framework for Treasury Board Policies > Financial Management, Policy on",
13593,https://www.tbs-sct.canada.ca/pol/doc-eng.aspx?id=13593,Work Force Adjustment Directive,3,"Values and Ethics Code for the Public Sector > Foundation Framework for Treasury Board Policies > Compensation, Policy Framework for the Management of",
12143,https://www.tbs-sct.canada.ca/pol/doc-eng.aspx?id=12143,Workers' Compensation,3,"Values and Ethics Code for the Public Sector > Foundation Framework for Treasury Board Policies > Compensation, Policy Framework for the Management of",
12614,https://www.tbs-sct.canada.ca/pol/doc-eng.aspx?id=12614,Workplace Day Care Centres,3,"Values and Ethics Code for the Public Sector > Foundation Framework for Treasury Board Policies > People Management, Policy on",
32802,https://www.tbs-sct.canada.ca/pol/doc-eng.aspx?id=32802,"the Stewardship of Human Resources Management Systems, Directive on",3,"Values and Ethics Code for the Public Sector > Foundation Framework for Treasury Board Policies > People Management, Policy on",
17067,https://www.tbs-sct.canada.ca/pol/doc-eng.aspx?id=17067,"Accountable Advances, Guideline on",4,"Values and Ethics Code for the Public Sector > Foundation Framework for Treasury Board Policies > Financial Management, Policy on > Public Money and Receivables, Directive on",
32583,https://www.tbs-sct.canada.ca/pol/doc-eng.aspx?id=32583,"Administering Low-Value Amounts,Guide to",4,"Values and Ethics Code for the Public Sector > Foundation Framework for Treasury Board Policies > Financial Management, Policy on > Payments, Directive on || Values and Ethics Code for the Public Sector > Foundation Framework for Treasury Board Policies > Financial Management, Policy on > Public Money and Receivables, Directive on",
32646,https://www.tbs-sct.canada.ca/pol/doc-eng.aspx?id=32646,"Advance Payments, Guide to",4,"Values and Ethics Code for the Public Sector > Foundation Framework for Treasury Board Policies > Financial Management, Policy on > Charging and Special Financial Authorities, Directive on || Values and Ethics Code for the Public Sector > Foundation Framework for Treasury Board Policies > Financial Management, Policy on > Payments, Directive on",
32714,https://www.tbs-sct.canada.ca/pol/doc-eng.aspx?id=32714,"At-Risk Information Technology, Standard on",4,"Values and Ethics Code for the Public Sector > Foundation Framework for Treasury Board Policies > Service and Digital, Policy on > Service and Digital, Directive on",
26262,https://www.tbs-sct.canada.ca/pol/doc-eng.aspx?id=26262,"Authentication Requirements, Guideline on Defining",4,"Values and Ethics Code for the Public Sector > Foundation Framework for Treasury Board Policies > Government Security, Policy on > Identity Management, Directive on || Values and Ethics Code for the Public Sector > Foundation Framework for Treasury Board Policies > Government Security, Policy on > Identity Management, Directive on > Identity Assurance, Guideline on || Values and Ethics Code for the Public Sector > Foundation Framework for Treasury Board Policies > Government Security, Policy on > Security Screening, Directive on > Identity Management, Directive on || Values and Ethics Code for the Public Sector > Foundation Framework for Treasury Board Policies > Government Security, Policy on > Security Screening, Directive on > Identity Management, Directive on > Identity Assurance, Guideline on",
32581,https://www.tbs-sct.canada.ca/pol/doc-eng.aspx?id=32581,"Claims, Guide to",4,"Values and Ethics Code for the Public Sector > Foundation Framework for Treasury Board Policies > Financial Management, Policy on > Payments, Directive on || Values and Ethics Code for the Public Sector > Foundation Framework for Treasury Board Policies > Financial Management, Policy on > Public Money and Receivables, Directive on",
32673,https://www.tbs-sct.canada.ca/pol/doc-eng.aspx?id=32673,"Debt Deletion, Guide to",4,"Values and Ethics Code for the Public Sector > Foundation Framework for Treasury Board Policies > Financial Management, Policy on > Public Money and Receivables, Directive on",
32713,https://www.tbs-sct.canada.ca/pol/doc-eng.aspx?id=32713,"Enterprise Information Technology Service Common Configurations, Standard on",4,"Values and Ethics Code for the Public Sector > Foundation Framework for Treasury Board Policies > Service and Digital, Policy on > Service and Digital, Directive on",
32712,https://www.tbs-sct.canada.ca/pol/doc-eng.aspx?id=32712,"Enterprise Information Technology Service Usage Restrictions, Standard on",4,"Values and Ethics Code for the Public Sector > Foundation Framework for Treasury Board Policies > Service and Digital, Policy on > Service and Digital, Directive on",
32715,https://www.tbs-sct.canada.ca/pol/doc-eng.aspx?id=32715,"Enterprise Resource Planning Solutions, Interim Standard on",4,"Values and Ethics Code for the Public Sector > Foundation Framework for Treasury Board Policies > Service and Digital, Policy on > Service and Digital, Directive on",
32647,https://www.tbs-sct.canada.ca/pol/doc-eng.aspx?id=32647,"Ex Gratia Payments, Honorariums and Gifts, Guide to",4,"Values and Ethics Code for the Public Sector > Foundation Framework for Treasury Board Policies > Financial Management, Policy on > Payments, Directive on",
12182,https://www.tbs-sct.canada.ca/pol/doc-eng.aspx?id=12182,Financial Information Strategy Accounting Manual,4,"Values and Ethics Code for the Public Sector > Foundation Framework for Treasury Board Policies > Financial Management, Policy on > Accounting Standards, Directive on",
17065,https://www.tbs-sct.canada.ca/pol/doc-eng.aspx?id=17065,"Financial Management of Pay Administration, Guideline on",4,"Values and Ethics Code for the Public Sector > Foundation Framework for Treasury Board Policies > Financial Management, Policy on > Payments, Directive on",
32510,https://www.tbs-sct.canada.ca/pol/doc-eng.aspx?id=32510,GC 1010 Financial Statement Concepts (Materiality),4,"Values and Ethics Code for the Public Sector > Foundation Framework for Treasury Board Policies > Financial Management, Policy on > Accounting Standards, Directive on",
32511,https://www.tbs-sct.canada.ca/pol/doc-eng.aspx?id=32511,GC 1100 Financial Statement Objectives,4,"Values and Ethics Code for the Public Sector > Foundation Framework for Treasury Board Policies > Financial Management, Policy on > Accounting Standards, Directive on",
32512,https://www.tbs-sct.canada.ca/pol/doc-eng.aspx?id=32512,GC 1150 Generally Accepted Accounting Principles,4,"Values and Ethics Code for the Public Sector > Foundation Framework for Treasury Board Policies > Financial Management, Policy on > Accounting Standards, Directive on",
32513,https://www.tbs-sct.canada.ca/pol/doc-eng.aspx?id=32513,GC 1201 Financial Statement Presentation,4,"Values and Ethics Code for the Public Sector > Foundation Framework for Treasury Board Policies > Financial Management, Policy on > Accounting Standards, Directive on",
32514,https://www.tbs-sct.canada.ca/pol/doc-eng.aspx?id=32514,GC 1300 Government Reporting Entity,4,"Values and Ethics Code for the Public Sector > Foundation Framework for Treasury Board Policies > Financial Management, Policy on > Accounting Standards, Directive on",
32662,https://www.tbs-sct.canada.ca/pol/doc-eng.aspx?id=32662,GC 2200 Related party disclosures,4,"Values and Ethics Code for the Public Sector > Foundation Framework for Treasury Board Policies > Financial Management, Policy on > Accounting Standards, Directive on",
32515,https://www.tbs-sct.canada.ca/pol/doc-eng.aspx?id=32515,GC 2400 Subsequent Events,4,"Values and Ethics Code for the Public Sector > Foundation Framework for Treasury Board Policies > Financial Management, Policy on > Accounting Standards, Directive on",
32516,https://www.tbs-sct.canada.ca/pol/doc-eng.aspx?id=32516,GC 2700 Segment Disclosures,4,"Values and Ethics Code for the Public Sector > Foundation Framework for Treasury Board Policies > Financial Management, Policy on > Accounting Standards, Directive on",
32517,https://www.tbs-sct.canada.ca/pol/doc-eng.aspx?id=32517,GC 3050 Loans Receivable,4,"Values and Ethics Code for the Public Sector > Foundation Framework for Treasury Board Policies > Financial Management, Policy on > Accounting Standards, Directive on",
32518,https://www.tbs-sct.canada.ca/pol/doc-eng.aspx?id=32518,GC 3150 Tangible Capital Assets,4,"Values and Ethics Code for the Public Sector > Foundation Framework for Treasury Board Policies > Financial Management, Policy on > Accounting Standards, Directive on",
32519,https://www.tbs-sct.canada.ca/pol/doc-eng.aspx?id=32519,GC 3250-3255 Retirement and Post-Employment Benefits,4,"Values and Ethics Code for the Public Sector > Foundation Framework for Treasury Board Policies > Financial Management, Policy on > Accounting Standards, Directive on",
32520,https://www.tbs-sct.canada.ca/pol/doc-eng.aspx?id=32520,GC 3300-3310 Contingent Liabilities and Loan Guarantees,4,"Values and Ethics Code for the Public Sector > Foundation Framework for Treasury Board Policies > Financial Management, Policy on > Accounting Standards, Directive on",
32521,https://www.tbs-sct.canada.ca/pol/doc-eng.aspx?id=32521,GC 3320 Contingent Assets,4,"Values and Ethics Code for the Public Sector > Foundation Framework for Treasury Board Policies > Financial Management, Policy on > Accounting Standards, Directive on",
32522,https://www.tbs-sct.canada.ca/pol/doc-eng.aspx?id=32522,GC 3390 Contractual Obligations,4,"Values and Ethics Code for the Public Sector > Foundation Framework for Treasury Board Policies > Financial Management, Policy on > Accounting Standards, Directive on",
32523,https://www.tbs-sct.canada.ca/pol/doc-eng.aspx?id=32523,GC 3410 Government Transfers,4,"Values and Ethics Code for the Public Sector > Foundation Framework for Treasury Board Policies > Financial Management, Policy on > Accounting Standards, Directive on",
32664,https://www.tbs-sct.canada.ca/pol/doc-eng.aspx?id=32664,GC 3430 Restructuring transactions,4,"Values and Ethics Code for the Public Sector > Foundation Framework for Treasury Board Policies > Financial Management, Policy on > Accounting Standards, Directive on",
32784,https://www.tbs-sct.canada.ca/pol/doc-eng.aspx?id=32784,GC 3450 Financial Instruments,4,"Values and Ethics Code for the Public Sector > Foundation Framework for Treasury Board Policies > Financial Management, Policy on > Accounting Standards, Directive on",
32524,https://www.tbs-sct.canada.ca/pol/doc-eng.aspx?id=32524,GC 4100 Specified Purpose Accounts,4,"Values and Ethics Code for the Public Sector > Foundation Framework for Treasury Board Policies > Financial Management, Policy on > Accounting Standards, Directive on",
32525,https://www.tbs-sct.canada.ca/pol/doc-eng.aspx?id=32525,GC 4200 Inventories,4,"Values and Ethics Code for the Public Sector > Foundation Framework for Treasury Board Policies > Financial Management, Policy on > Accounting Standards, Directive on",
32526,https://www.tbs-sct.canada.ca/pol/doc-eng.aspx?id=32526,GC 4300 Non-Monetary Transactions,4,"Values and Ethics Code for the Public Sector > Foundation Framework for Treasury Board Policies > Financial Management, Policy on > Accounting Standards, Directive on",
32527,https://www.tbs-sct.canada.ca/pol/doc-eng.aspx?id=32527,GC 4400 Departmental Quarterly Financial Report,4,"Values and Ethics Code for the Public Sector > Foundation Framework for Treasury Board Policies > Financial Management, Policy on > Accounting Standards, Directive on",
32528,https://www.tbs-sct.canada.ca/pol/doc-eng.aspx?id=32528,GC 4500 Departmental Financial Statements,4,"Values and Ethics Code for the Public Sector > Foundation Framework for Treasury Board Policies > Financial Management, Policy on > Accounting Standards, Directive on",
32529,https://www.tbs-sct.canada.ca/pol/doc-eng.aspx?id=32529,GC 5000 Recording Financial Transactions in the Accounts of Canada,4,"Values and Ethics Code for the Public Sector > Foundation Framework for Treasury Board Policies > Financial Management, Policy on > Accounting Standards, Directive on",
32530,https://www.tbs-sct.canada.ca/pol/doc-eng.aspx?id=32530,GC 5100 Payables at Year-End,4,"Values and Ethics Code for the Public Sector > Foundation Framework for Treasury Board Policies > Financial Management, Policy on > Accounting Standards, Directive on",
32665,https://www.tbs-sct.canada.ca/pol/doc-eng.aspx?id=32665,GC 5200 Crown Corporations Quarterly Financial Report,4,"Values and Ethics Code for the Public Sector > Foundation Framework for Treasury Board Policies > Financial Management, Policy on > Accounting Standards, Directive on",
32750,https://www.tbs-sct.canada.ca/pol/doc-eng.aspx?id=32750,GC Digital Talent Platform,4,"Values and Ethics Code for the Public Sector > Foundation Framework for Treasury Board Policies > Service and Digital, Policy on > Digital Talent, Directive on",
32776,https://www.tbs-sct.canada.ca/pol/doc-eng.aspx?id=32776,GC Enterprise Data Reference Standards,4,"Values and Ethics Code for the Public Sector > Foundation Framework for Treasury Board Policies > Service and Digital, Policy on > Service and Digital, Directive on",
16553,https://www.tbs-sct.canada.ca/pol/doc-eng.aspx?id=16553,"Geospatial Data, Standard on",4,"Values and Ethics Code for the Public Sector > Foundation Framework for Treasury Board Policies > Service and Digital, Policy on > Service and Digital, Directive on",
32509,https://www.tbs-sct.canada.ca/pol/doc-eng.aspx?id=32509,"Government of Canada Accounting Handbook, Introduction",4,"Values and Ethics Code for the Public Sector > Foundation Framework for Treasury Board Policies > Financial Management, Policy on > Accounting Standards, Directive on",
30678,https://www.tbs-sct.canada.ca/pol/doc-eng.aspx?id=30678,"Identity Assurance, Guideline on",4,"Values and Ethics Code for the Public Sector > Foundation Framework for Treasury Board Policies > Government Security, Policy on > Identity Management, Directive on || Values and Ethics Code for the Public Sector > Foundation Framework for Treasury Board Policies > Government Security, Policy on > Security Screening, Directive on > Identity Management, Directive on",
16557,https://www.tbs-sct.canada.ca/pol/doc-eng.aspx?id=16557,Information Management (IM) Basics – Guideline for Employees of the Government of Canada,4,"Values and Ethics Code for the Public Sector > Foundation Framework for Treasury Board Policies > Service and Digital, Policy on > Service and Digital, Directive on",
32711,https://www.tbs-sct.canada.ca/pol/doc-eng.aspx?id=32711,"Information Technology Provisions, Standard on",4,"Values and Ethics Code for the Public Sector > Foundation Framework for Treasury Board Policies > Service and Digital, Policy on > Service and Digital, Directive on",
32710,https://www.tbs-sct.canada.ca/pol/doc-eng.aspx?id=32710,"Information Technology User and Workpoint Profiles, Standard on",4,"Values and Ethics Code for the Public Sector > Foundation Framework for Treasury Board Policies > Service and Digital, Policy on > Service and Digital, Directive on",
32582,https://www.tbs-sct.canada.ca/pol/doc-eng.aspx?id=32582,"Interest and Administrative Charges, Guide to",4,"Values and Ethics Code for the Public Sector > Foundation Framework for Treasury Board Policies > Financial Management, Policy on > Public Money and Receivables, Directive on",
32648,https://www.tbs-sct.canada.ca/pol/doc-eng.aspx?id=32648,"Internal Charging and Special Financial Authorities, Guide to",4,"Values and Ethics Code for the Public Sector > Foundation Framework for Treasury Board Policies > Financial Management, Policy on > Charging and Special Financial Authorities, Directive on",
32775,https://www.tbs-sct.canada.ca/pol/doc-eng.aspx?id=32775,"Key Considerations When Procuring Professional Services, Guide",4,"Values and Ethics Code for the Public Sector > Foundation Framework for Treasury Board Policies > Planning and Management of Investments, Policy on the > Management of Procurement, Directive on the",
32786,https://www.tbs-sct.canada.ca/pol/doc-eng.aspx?id=32786,"Managing Metadata, Standard for",4,"Values and Ethics Code for the Public Sector > Foundation Framework for Treasury Board Policies > Service and Digital, Policy on > Service and Digital, Directive on",
32650,https://www.tbs-sct.canada.ca/pol/doc-eng.aspx?id=32650,"Managing Receivables, Guide to",4,"Values and Ethics Code for the Public Sector > Foundation Framework for Treasury Board Policies > Financial Management, Policy on > Payments, Directive on > Administering Low-Value Amounts,Guide to || Values and Ethics Code for the Public Sector > Foundation Framework for Treasury Board Policies > Financial Management, Policy on > Public Money and Receivables, Directive on || Values and Ethics Code for the Public Sector > Foundation Framework for Treasury Board Policies > Financial Management, Policy on > Public Money and Receivables, Directive on > Administering Low-Value Amounts,Guide to || Values and Ethics Code for the Public Sector > Foundation Framework for Treasury Board Policies > Financial Management, Policy on > Public Money and Receivables, Directive on > Interest and Administrative Charges, Guide to",
32810,https://www.tbs-sct.canada.ca/pol/doc-eng.aspx?id=32810,"Mitigating Conflicts of Interest in Procurement, Guide to",4,"Values and Ethics Code for the Public Sector > Foundation Framework for Treasury Board Policies > Planning and Management of Investments, Policy on the > Management of Procurement, Directive on the",
32744,https://www.tbs-sct.canada.ca/pol/doc-eng.aspx?id=32744,"Official Languages in Federal Procurement, Guide to",4,"Values and Ethics Code for the Public Sector > Foundation Framework for Treasury Board Policies > Planning and Management of Investments, Policy on the > Management of Procurement, Directive on the",
27088,https://www.tbs-sct.canada.ca/pol/doc-eng.aspx?id=27088,"Optimizing Websites and Applications for Mobile Devices, Standard on",4,"Values and Ethics Code for the Public Sector > Foundation Framework for Treasury Board Policies > Service and Digital, Policy on > Service and Digital, Directive on",
32736,https://www.tbs-sct.canada.ca/pol/doc-eng.aspx?id=32736,"Portfolio management and the real property portfolio strategy, Guide to",4,"Values and Ethics Code for the Public Sector > Foundation Framework for Treasury Board Policies > Planning and Management of Investments, Policy on the > Management of Real Property, Directive on the",
32733,https://www.tbs-sct.canada.ca/pol/doc-eng.aspx?id=32733,Principles for Assisting Requesters,4,"Values and Ethics Code for the Public Sector > Foundation Framework for Treasury Board Policies > Access to Information, Policy on > Access to Information Requests, Directive on",
32709,https://www.tbs-sct.canada.ca/pol/doc-eng.aspx?id=32709,"Privacy and Monitoring of Network and Device Use Information Notices, Mandatory Procedures for",4,"Values and Ethics Code for the Public Sector > Foundation Framework for Treasury Board Policies > Service and Digital, Policy on > Service and Digital, Directive on",
32660,https://www.tbs-sct.canada.ca/pol/doc-eng.aspx?id=32660,"Proactive Publication of Travel and Hospitality Expenses, Guide to the",4,"Values and Ethics Code for the Public Sector > Foundation Framework for Treasury Board Policies > Financial Management, Policy on > Travel, Hospitality, Conference and Event Expenditures, Directive on",
25600,https://www.tbs-sct.canada.ca/pol/doc-eng.aspx?id=25600,"Processing of Garnishments, Guidelines for the",4,"Values and Ethics Code for the Public Sector > Foundation Framework for Treasury Board Policies > Financial Management, Policy on > Payments, Directive on",
32789,https://www.tbs-sct.canada.ca/pol/doc-eng.aspx?id=32789,"Scope of the Directive on Automated Decision-Making, Guide on the",4,"Values and Ethics Code for the Public Sector > Foundation Framework for Treasury Board Policies > Service and Digital, Policy on > Automated Decision-Making, Directive on",
15796,https://www.tbs-sct.canada.ca/pol/doc-eng.aspx?id=15796,"Security for Debts, Guideline on",4,"Values and Ethics Code for the Public Sector > Foundation Framework for Treasury Board Policies > Financial Management, Policy on > Public Money and Receivables, Directive on",
32612,https://www.tbs-sct.canada.ca/pol/doc-eng.aspx?id=32612,"Standard on Identity and Credential Assurance, Directive on Identity Management  - Appendix A",4,"Values and Ethics Code for the Public Sector > Foundation Framework for Treasury Board Policies > Government Security, Policy on > Identity Management, Directive on || Values and Ethics Code for the Public Sector > Foundation Framework for Treasury Board Policies > Government Security, Policy on > Identity Management, Directive on > Authentication Requirements, Guideline on Defining || Values and Ethics Code for the Public Sector > Foundation Framework for Treasury Board Policies > Government Security, Policy on > Identity Management, Directive on > Identity Assurance, Guideline on || Values and Ethics Code for the Public Sector > Foundation Framework for Treasury Board Policies > Government Security, Policy on > Identity Management, Directive on > Identity Assurance, Guideline on > Authentication Requirements, Guideline on Defining || Values and Ethics Code for the Public Sector > Foundation Framework for Treasury Board Policies > Government Security, Policy on > Security Screening, Directive on > Identity Management, Directive on || Values and Ethics Code for the Public Sector > Foundation Framework for Treasury Board Policies > Government Security, Policy on > Security Screening, Directive on > Identity Management, Directive on > Authentication Requirements, Guideline on Defining || Values and Ethics Code for the Public Sector > Foundation Framework for Treasury Board Policies > Government Security, Policy on > Security Screening, Directive on > Identity Management, Directive on > Identity Assurance, Guideline on || Values and Ethics Code for the Public Sector > Foundation Framework for Treasury Board Policies > Government Security, Policy on > Security Screening, Directive on > Identity Management, Directive on > Identity Assurance, Guideline on > Authentication Requirements, Guideline on Defining",
32716,https://www.tbs-sct.canada.ca/pol/doc-eng.aspx?id=32716,"Systems that Manage Information and Data, Standard on",4,"Values and Ethics Code for the Public Sector > Foundation Framework for Treasury Board Policies > Service and Digital, Policy on > Service and Digital, Directive on",
17280,https://www.tbs-sct.canada.ca/pol/doc-eng.aspx?id=17280,TBITS 12: Codes for the Representation of Currencies and Funds - Implementation Criteria,4,"Values and Ethics Code for the Public Sector > Foundation Framework for Treasury Board Policies > Service and Digital, Policy on > Service and Digital, Directive on",
12135,https://www.tbs-sct.canada.ca/pol/doc-eng.aspx?id=12135,"Travel Authorities, Special",4,"Values and Ethics Code for the Public Sector > Foundation Framework for Treasury Board Policies > Compensation, Policy Framework for the Management of > Travel Directive",
12360,https://www.tbs-sct.canada.ca/pol/doc-eng.aspx?id=12360,"Treatment of Access to Information Requests for Audit Information (PIN) - July 1, 1984",4,"Values and Ethics Code for the Public Sector > Foundation Framework for Treasury Board Policies > Access to Information, Policy on > Access to Information Requests, Directive on",
23601,https://www.tbs-sct.canada.ca/pol/doc-eng.aspx?id=23601,"Web Accessibility, Standard on",4,"Values and Ethics Code for the Public Sector > Foundation Framework for Treasury Board Policies > Service and Digital, Policy on > Service and Digital, Directive on",
25875,https://www.tbs-sct.canada.ca/pol/doc-eng.aspx?id=25875,"Web Interoperability, Standard on",4,"Values and Ethics Code for the Public Sector > Foundation Framework for Treasury Board Policies > Service and Digital, Policy on > Service and Digital, Directive on",
24227,https://www.tbs-sct.canada.ca/pol/doc-eng.aspx?id=24227,"Web Usability, Standard on",4,"Values and Ethics Code for the Public Sector > Foundation Framework for Treasury Board Policies > Service and Digital, Policy on > Service and Digital, Directive on",
32780,https://www.tbs-sct.canada.ca/pol/doc-eng.aspx?id=32780,GC 3450 Guideline: Embedded Derivatives,5,"Values and Ethics Code for the Public Sector > Foundation Framework for Treasury Board Policies > Financial Management, Policy on > Accounting Standards, Directive on > GC 3450 Financial Instruments",
32688,https://www.tbs-sct.canada.ca/pol/doc-eng.aspx?id=32688,GC 4400 Guideline: Illustrative Quarterly Financial Report,5,"Values and Ethics Code for the Public Sector > Foundation Framework for Treasury Board Policies > Financial Management, Policy on > Accounting Standards, Directive on > GC 4400 Departmental Quarterly Financial Report",
32689,https://www.tbs-sct.canada.ca/pol/doc-eng.aspx?id=32689,GC 4500 Guideline: Illustrative Departmental Financial Statements,5,"Values and Ethics Code for the Public Sector > Foundation Framework for Treasury Board Policies > Financial Management, Policy on > Accounting Standards, Directive on > GC 4500 Departmental Financial Statements",
32687,https://www.tbs-sct.canada.ca/pol/doc-eng.aspx?id=32687,GC 5200 Guideline: Illustrative Crown Corporations Quarterly Financial Report,5,"Values and Ethics Code for the Public Sector > Foundation Framework for Treasury Board Policies > Financial Management, Policy on > Accounting Standards, Directive on > GC 5200 Crown Corporations Quarterly Financial Report",
